id,user_id,date,intime,outtime
1,5045,2026-03-06,13:53:48,14:10:43
3,101,2026-03-06,14:41:42,14:42:10
4,802,2026-03-06,16:53:01,17:03:41
5,5045,2026-03-07,14:12:06,14:34:09
8,5045,2026-03-09,09:12:57,16:52:14
10,802,2026-03-09,09:16:05,17:32:49
11,1196,2026-03-09,09:17:30,16:59:45
12,1199,2026-03-09,09:17:51,16:59:53
13,216,2026-03-09,09:18:09,17:10:31
14,1006,2026-03-09,09:31:08,17:26:10
15,1133,2026-03-09,09:32:11,17:43:39
16,818,2026-03-09,09:51:33,16:59:06
17,1124,2026-03-09,09:54:08,17:00:11
18,1127,2026-03-09,09:54:40,16:53:14
19,101,2026-03-09,09:55:07,17:33:10
20,1119,2026-03-09,17:33:27,17:34:44
21,1006,2026-03-10,09:01:55,
22,5045,2026-03-10,09:02:27,16:49:20
23,1199,2026-03-10,09:02:59,17:22:22
24,802,2026-03-10,09:05:45,17:28:53
25,216,2026-03-10,09:06:17,17:21:18
26,101,2026-03-10,09:10:28,17:14:05
27,186,2026-03-10,09:28:55,
28,818,2026-03-10,09:52:48,16:47:11
29,1133,2026-03-10,09:53:30,17:22:28
33,5045,2026-03-11,09:15:45,15:00:00
34,101,2026-03-11,08:58:34,17:11:20
35,1006,2026-03-11,08:59:00,17:01:02
36,802,2026-03-11,09:00:20,16:59:03
37,216,2026-03-11,09:55:43,17:12:32
38,1199,2026-03-11,08:58:07,17:05:48
39,802,2026-03-12,08:52:00,17:41:54
40,216,2026-03-12,08:52:56,17:23:41
41,1006,2026-03-12,08:53:08,14:45:09
42,1199,2026-03-12,08:55:43,17:23:29
43,108,2026-03-12,08:57:54,
44,1124,2026-03-12,08:58:32,17:25:48
45,1133,2026-03-12,08:58:58,17:35:11
46,818,2026-03-12,08:59:05,10:27:44
47,1199,2026-03-13,09:06:26,17:05:34
48,5045,2026-03-13,09:48:50,16:17:15
49,5001,2026-03-13,09:51:21,16:42:35
50,101,2026-03-13,16:50:43,16:53:07
51,818,2026-03-13,08:58:48,16:46:34
52,1006,2026-03-13,09:01:10,
53,216,2026-03-13,09:01:47,17:05:08
54,1196,2026-03-13,09:05:19,17:06:03
55,1133,2026-03-13,09:07:44,17:05:22
56,5001,2026-03-14,08:55:19,16:50:05
57,5045,2026-03-14,08:55:42,17:08:02
58,108,2026-03-14,08:57:03,17:16:11
59,1127,2026-03-14,08:57:54,17:15:24
60,101,2026-03-14,09:00:11,17:18:56
61,1119,2026-03-14,09:00:43,
62,1199,2026-03-14,09:04:20,17:01:12
63,1006,2026-03-14,08:59:32,
64,1196,2026-03-14,09:05:54,17:00:45
65,1133,2026-03-14,09:06:03,17:16:29
66,5045,2026-03-16,08:52:59,16:47:13
67,5001,2026-03-16,08:53:10,17:06:51
68,1199,2026-03-16,08:53:18,
69,216,2026-03-16,08:54:42,
70,1196,2026-03-16,08:59:56,
71,108,2026-03-16,08:56:45,16:58:14
72,802,2026-03-16,08:57:02,
73,1006,2026-03-16,08:58:45,
74,818,2026-03-17,08:43:40,17:15:36
75,69,2026-03-17,08:43:50,16:57:46
76,158,2026-03-17,08:45:02,16:54:44
77,1134,2026-03-17,08:46:49,17:28:42
78,1127,2026-03-17,08:46:58,17:04:15
79,386,2026-03-17,08:47:49,17:28:34
80,5045,2026-03-17,08:49:13,
81,36,2026-03-17,08:49:56,17:02:48
82,1133,2026-03-17,08:50:41,17:30:42
83,860,2026-03-17,08:52:21,17:21:25
84,913,2026-03-17,08:52:55,17:24:36
85,103,2026-03-17,08:53:02,08:53:04
86,1116,2026-03-17,08:53:22,17:23:21
87,1112,2026-03-17,08:54:45,
88,108,2026-03-17,08:54:55,17:08:37
89,1087,2026-03-17,08:56:00,16:57:51
90,802,2026-03-17,08:56:26,17:44:50
91,1199,2026-03-17,09:00:05,17:05:17
92,130,2026-03-17,09:00:29,
93,919,2026-03-17,09:00:44,
94,848,2026-03-17,09:00:52,16:52:18
95,1097,2026-03-17,09:00:58,17:31:37
96,101,2026-03-17,09:01:05,17:21:33
97,1196,2026-03-17,09:01:16,17:05:24
98,5001,2026-03-17,09:02:40,16:43:21
99,121,2026-03-17,09:03:00,
100,1006,2026-03-17,09:03:09,17:30:35
101,1185,2026-03-17,09:05:20,09:05:21
102,1124,2026-03-17,09:05:27,17:44:55
103,1119,2026-03-17,09:05:32,17:41:07
104,234,2026-03-17,09:10:06,
105,51,2026-03-17,09:10:15,
106,912,2026-03-17,09:11:05,17:31:10
107,878,2026-03-17,09:14:48,17:21:46
108,563,2026-03-17,08:50:45,17:22:44
109,216,2026-03-17,08:52:45,17:10:17
110,119,2026-03-17,08:55:55,
111,1093,2026-03-17,16:48:28,
112,910,2026-03-17,16:49:28,
113,317,2026-03-17,16:52:24,
114,984,2026-03-17,16:57:18,
115,930,2026-03-17,16:59:08,
116,92,2026-03-17,17:03:20,
117,817,2026-03-17,17:05:59,
118,911,2026-03-17,17:37:02,17:37:52
119,1173,2026-03-17,17:45:25,
120,216,2026-03-18,08:43:00,
121,1141,2026-03-18,08:43:00,
122,1112,2026-03-18,08:43:00,
123,506,2026-03-18,08:43:00,
124,818,2026-03-18,08:44:00,
125,1127,2026-03-18,08:44:00,16:25:00
126,960,2026-03-18,08:44:00,
127,860,2026-03-18,08:44:00,
128,317,2026-03-18,08:44:00,
129,1128,2026-03-18,08:44:00,
130,1095,2026-03-18,08:44:00,
131,69,2026-03-18,08:45:00,
132,563,2026-03-18,08:45:00,
133,930,2026-03-18,08:45:00,
134,1173,2026-03-18,08:46:00,
135,817,2026-03-18,08:47:00,
136,1087,2026-03-18,08:49:00,
137,108,2026-03-18,08:50:00,
138,119,2026-03-18,08:51:00,
139,5045,2026-03-18,08:51:00,
140,919,2026-03-18,08:52:00,
141,158,2026-03-18,08:52:00,
142,103,2026-03-18,08:53:00,
143,1003,2026-03-18,08:53:00,
144,1196,2026-03-18,08:53:00,
145,1103,2026-03-18,08:53:00,
146,36,2026-03-18,08:54:00,
147,409,2026-03-18,08:54:00,
148,1119,2026-03-18,08:54:00,
149,1116,2026-03-18,08:54:00,
150,970,2026-03-18,08:56:00,
151,1133,2026-03-18,08:57:00,
152,1199,2026-03-18,08:57:00,
153,913,2026-03-18,08:57:00,
154,192,2026-03-18,08:57:00,
155,912,2026-03-18,08:58:00,
156,1090,2026-03-18,08:58:00,
157,121,2026-03-18,08:59:00,
158,1016,2026-03-18,08:59:00,08:59:00
159,910,2026-03-18,09:00:00,
160,802,2026-03-18,09:00:00,
161,130,2026-03-18,09:00:00,
162,879,2026-03-18,09:00:00,
163,242,2026-03-18,09:00:00,
164,1097,2026-03-18,09:00:00,
165,92,2026-03-18,09:01:00,
166,1093,2026-03-18,09:01:00,16:48:00
167,848,2026-03-18,09:02:00,
168,911,2026-03-18,09:02:00,
169,51,2026-03-18,09:02:00,
170,234,2026-03-18,09:03:00,
171,1006,2026-03-18,09:03:00,
172,101,2026-03-18,09:03:00,
173,339,2026-03-18,09:04:00,
174,1096,2026-03-18,09:04:00,
175,1185,2026-03-18,09:06:00,
176,948,2026-03-18,09:06:00,
177,877,2026-03-18,09:06:00,
178,1130,2026-03-18,09:07:00,
179,878,2026-03-18,09:09:00,
180,5001,2026-03-18,09:10:00,
181,1181,2026-03-18,09:13:00,
182,386,2026-03-18,09:23:00,
183,1132,2026-03-18,16:48:00,
184,5001,2026-03-19,20:07:33,22:55:08
185,5045,2026-03-19,20:15:45,22:51:09
186,5045,2026-03-20,16:58:00,
187,5001,2026-03-20,16:58:00,
188,5045,2026-03-23,08:45:00,17:49:00
189,1133,2026-03-23,08:45:00,
190,1112,2026-03-23,08:45:00,
191,317,2026-03-23,08:45:00,
192,818,2026-03-23,08:45:00,
193,216,2026-03-23,08:45:00,
194,69,2026-03-23,08:46:00,
195,930,2026-03-23,08:46:00,
196,860,2026-03-23,08:46:00,
197,1127,2026-03-23,08:47:00,17:48:00
198,1173,2026-03-23,08:48:00,
199,1134,2026-03-23,08:49:00,
200,92,2026-03-23,08:49:00,
201,386,2026-03-23,08:49:00,
202,802,2026-03-23,08:53:00,17:48:00
203,913,2026-03-23,08:53:00,
204,1191,2026-03-23,08:53:00,
205,215,2026-03-23,08:54:00,
206,101,2026-03-23,08:55:00,17:49:00
207,911,2026-03-23,08:55:00,
208,1101,2026-03-23,08:55:00,
209,1148,2026-03-23,08:55:00,
210,848,2026-03-23,08:55:00,16:58:00
211,919,2026-03-23,08:55:00,
212,970,2026-03-23,08:56:00,16:58:00
213,103,2026-03-23,08:56:00,
214,1093,2026-03-23,08:56:00,
215,5001,2026-03-23,08:56:00,16:51:00
216,879,2026-03-23,08:57:00,
217,1199,2026-03-23,08:57:00,
218,1096,2026-03-23,08:58:00,
219,817,2026-03-23,08:58:00,
220,1196,2026-03-23,08:58:00,
221,1097,2026-03-23,08:59:00,
222,1132,2026-03-23,08:59:00,
223,512,2026-03-23,08:59:00,
224,1006,2026-03-23,09:00:00,
225,820,2026-03-23,09:00:00,
226,409,2026-03-23,09:00:00,16:52:00
227,77,2026-03-23,09:00:00,
228,130,2026-03-23,09:01:00,
229,192,2026-03-23,09:01:00,
230,1130,2026-03-23,09:01:00,
231,1124,2026-03-23,09:01:00,
232,1016,2026-03-23,09:02:00,09:02:00
233,121,2026-03-23,09:02:00,
234,1119,2026-03-23,09:02:00,
235,1019,2026-03-23,09:03:00,
236,51,2026-03-23,09:03:00,
237,910,2026-03-23,09:04:00,
238,139,2026-03-23,09:05:00,
239,1083,2026-03-23,09:06:00,
240,106,2026-03-23,09:07:00,
241,1185,2026-03-23,09:08:00,
242,1003,2026-03-23,09:11:00,
243,1141,2026-03-23,09:13:00,
244,878,2026-03-23,09:17:00,
245,1087,2026-03-23,08:52:50,
246,1181,2026-03-23,16:59:00,16:59:00
247,1141,2026-03-24,08:41:00,
248,1112,2026-03-24,08:41:00,
249,5001,2026-03-24,08:41:00,16:47:00
250,819,2026-03-24,08:42:00,
251,5045,2026-03-24,08:42:00,16:46:00
252,69,2026-03-24,08:44:00,
253,930,2026-03-24,08:48:00,
254,1127,2026-03-24,08:49:00,
255,1148,2026-03-24,08:55:00,
256,1016,2026-03-24,08:55:00,
257,1101,2026-03-24,08:57:00,
258,1199,2026-03-24,08:58:00,
259,960,2026-03-24,08:58:00,
260,1095,2026-03-24,08:58:00,
261,970,2026-03-24,08:59:00,
262,512,2026-03-24,09:00:00,
263,820,2026-03-24,09:00:00,
264,879,2026-03-24,09:00:00,
265,1093,2026-03-24,09:00:00,
266,1003,2026-03-24,09:00:00,
267,1119,2026-03-24,09:00:00,
268,101,2026-03-24,09:00:00,16:47:00
269,1134,2026-03-24,09:00:00,
270,92,2026-03-24,09:03:00,
271,913,2026-03-24,09:03:00,16:58:00
272,1096,2026-03-24,09:03:00,16:57:00
273,386,2026-03-24,09:03:00,16:57:00
274,121,2026-03-24,09:03:00,
275,844,2026-03-24,09:04:00,
276,911,2026-03-24,09:04:00,
277,948,2026-03-24,09:04:00,
278,51,2026-03-24,09:05:00,
279,130,2026-03-24,09:06:00,
280,234,2026-03-24,09:10:00,
281,1130,2026-03-24,09:12:00,
282,506,2026-03-24,08:55:00,
283,802,2026-03-24,08:55:00,
284,1191,2026-03-24,08:55:00,
285,1133,2026-03-24,08:55:00,
286,317,2026-03-24,08:55:00,
287,103,2026-03-24,08:55:00,
288,1132,2026-03-24,08:55:00,16:54:00
289,215,2026-03-24,08:55:00,
290,818,2026-03-24,08:55:00,
291,36,2026-03-24,08:55:00,
292,910,2026-03-24,08:55:00,
293,1173,2026-03-24,08:55:00,
294,919,2026-03-24,08:55:00,
295,1097,2026-03-24,08:55:00,16:54:00
296,1196,2026-03-24,08:55:00,
297,409,2026-03-24,08:55:00,
298,1142,2026-03-24,08:55:00,
300,984,2026-03-24,16:57:00,
301,1103,2026-03-24,16:58:00,
302,263,2026-03-24,16:59:00,
303,1185,2026-03-24,16:59:00,
304,5045,2026-03-25,08:40:00,17:31:00
305,5001,2026-03-25,08:40:00,16:54:00
306,317,2026-03-25,08:41:00,
307,1112,2026-03-25,08:42:00,
308,818,2026-03-25,08:44:00,08:44:00
309,860,2026-03-25,08:44:00,
310,563,2026-03-25,08:44:00,
311,1173,2026-03-25,08:45:00,08:45:00
312,1127,2026-03-25,08:46:00,17:09:00
313,817,2026-03-25,08:46:00,17:02:00
314,1091,2026-03-25,08:48:00,08:48:00
315,930,2026-03-25,08:48:00,
316,103,2026-03-25,08:48:00,
317,1196,2026-03-25,08:48:00,17:32:00
318,158,2026-03-25,08:50:00,
319,1097,2026-03-25,08:51:00,16:52:00
320,69,2026-03-25,08:52:00,16:57:00
321,802,2026-03-25,08:52:00,17:42:00
322,192,2026-03-25,08:52:00,16:59:00
323,506,2026-03-25,08:53:00,
324,1083,2026-03-25,08:54:00,
325,1133,2026-03-25,08:55:00,17:09:00
326,1003,2026-03-25,08:55:00,
327,190,2026-03-25,08:56:00,
328,1119,2026-03-25,08:57:00,17:07:00
329,215,2026-03-25,08:57:00,
330,512,2026-03-25,08:58:00,16:56:00
331,1130,2026-03-25,08:58:00,
332,1103,2026-03-25,08:58:00,
333,1090,2026-03-25,08:58:00,
334,911,2026-03-25,08:59:00,16:56:00
335,101,2026-03-25,08:59:00,17:42:00
336,913,2026-03-25,08:59:00,
337,77,2026-03-25,08:59:00,
338,1132,2026-03-25,08:59:00,16:52:00
339,1199,2026-03-25,08:59:00,17:31:00
340,409,2026-03-25,08:59:00,16:56:00
341,386,2026-03-25,09:00:00,
342,1093,2026-03-25,09:00:00,16:52:00
343,912,2026-03-25,09:00:00,
344,848,2026-03-25,09:00:00,
345,1185,2026-03-25,09:00:00,16:59:00
346,1191,2026-03-25,09:00:00,17:02:00
347,1016,2026-03-25,09:01:00,
348,1087,2026-03-25,09:01:00,16:57:00
349,1116,2026-03-25,09:01:00,16:57:00
350,1134,2026-03-25,09:01:00,
351,844,2026-03-25,09:01:00,
352,916,2026-03-25,09:02:00,
353,877,2026-03-25,09:03:00,16:59:00
354,820,2026-03-25,09:03:00,
355,910,2026-03-25,09:03:00,16:52:00
356,92,2026-03-25,09:03:00,16:52:00
357,51,2026-03-25,09:04:00,
358,1019,2026-03-25,09:04:00,
359,1006,2026-03-25,09:08:00,17:42:00
360,1181,2026-03-25,09:08:00,
361,339,2026-03-25,09:10:00,
362,242,2026-03-25,09:10:00,
363,108,2026-03-25,16:52:00,
364,819,2026-03-25,16:53:00,
365,960,2026-03-25,16:56:00,
366,984,2026-03-25,16:57:00,
367,216,2026-03-25,17:08:00,
368,1141,2026-03-26,08:18:00,17:09:00
369,984,2026-03-26,08:18:00,17:01:00
371,69,2026-03-26,08:19:00,17:03:00
372,439,2026-03-26,08:19:00,
373,216,2026-03-26,08:20:00,
374,1142,2026-03-26,08:21:00,17:05:00
376,817,2026-03-26,08:27:00,17:08:00
377,506,2026-03-26,08:30:00,17:09:00
378,819,2026-03-26,08:20:21,
379,119,2026-03-26,08:27:07,
380,5001,2026-03-26,08:37:00,17:41:00
381,1148,2026-03-26,08:38:00,16:57:00
382,1101,2026-03-26,08:39:00,17:11:00
383,317,2026-03-26,08:39:00,17:13:00
384,818,2026-03-26,08:41:00,17:01:00
385,860,2026-03-26,08:42:00,17:32:00
386,1091,2026-03-26,08:47:00,17:12:00
387,844,2026-03-26,08:47:00,
388,879,2026-03-26,08:48:00,17:56:00
389,1112,2026-03-26,08:48:00,
390,1127,2026-03-26,08:48:00,17:21:00
391,1173,2026-03-26,08:49:00,17:12:00
392,370,2026-03-26,08:51:00,
393,108,2026-03-26,08:51:00,16:52:00
394,919,2026-03-26,08:51:00,16:59:00
395,1016,2026-03-26,08:52:00,
396,1083,2026-03-26,08:53:00,17:09:00
397,1196,2026-03-26,08:53:00,
398,5045,2026-03-26,08:53:00,17:41:00
399,1134,2026-03-26,08:54:00,17:09:00
400,1003,2026-03-26,08:54:00,17:45:00
401,215,2026-03-26,08:54:00,
402,1087,2026-03-26,08:54:00,17:05:00
403,1097,2026-03-26,08:55:00,16:54:00
404,103,2026-03-26,08:55:00,16:57:00
405,960,2026-03-26,08:56:00,16:55:00
406,1090,2026-03-26,08:56:00,17:26:00
407,820,2026-03-26,08:56:00,
408,92,2026-03-26,08:56:00,
409,1096,2026-03-26,08:56:00,
410,101,2026-03-26,08:57:00,17:03:00
411,1119,2026-03-26,08:57:00,17:20:00
412,192,2026-03-26,08:57:00,16:49:00
413,1133,2026-03-26,08:57:00,
414,512,2026-03-26,08:57:00,16:46:00
415,970,2026-03-26,08:57:00,16:58:00
416,848,2026-03-26,08:57:00,16:57:00
417,409,2026-03-26,08:57:00,
418,158,2026-03-26,08:57:00,
419,1132,2026-03-26,08:58:00,16:54:00
420,802,2026-03-26,08:58:00,17:20:00
421,1093,2026-03-26,08:59:00,16:53:00
422,1191,2026-03-26,08:59:00,17:02:00
423,911,2026-03-26,08:59:00,17:20:00
424,190,2026-03-26,09:00:00,
425,910,2026-03-26,09:00:00,
426,913,2026-03-26,09:01:00,17:01:00
428,121,2026-03-26,09:03:00,
429,1199,2026-03-26,09:03:00,
430,77,2026-03-26,09:04:00,17:00:00
431,877,2026-03-26,09:05:00,
432,1124,2026-03-26,09:06:00,
433,1019,2026-03-26,09:06:00,
434,339,2026-03-26,09:08:00,17:04:00
435,878,2026-03-26,09:09:00,17:11:00
436,234,2026-03-26,09:09:00,
437,1185,2026-03-26,09:14:00,16:59:00
438,1181,2026-03-26,09:14:00,17:01:00
439,242,2026-03-26,09:14:00,17:33:00
440,1128,2026-03-26,08:39:50,17:13:00
441,36,2026-03-26,08:50:03,16:52:00
442,1103,2026-03-26,08:54:52,17:09:00
443,916,2026-03-26,08:59:49,17:01:00
444,930,2026-03-26,09:09:23,
445,912,2026-03-26,09:09:20,16:55:00
446,130,2026-03-26,09:09:43,
447,51,2026-03-26,09:10:45,
448,139,2026-03-26,16:56:00,
449,106,2026-03-26,17:01:00,
450,1006,2026-03-26,09:50:00,17:21:00
451,1130,2026-03-26,17:32:00,
452,5001,2026-03-27,13:49:00,
453,984,2026-03-27,13:49:00,
454,439,2026-03-27,13:50:00,
456,1141,2026-03-27,13:51:00,17:04:00
457,1142,2026-03-27,13:52:00,
459,1095,2026-03-27,13:54:00,
460,5045,2026-03-27,13:57:00,17:08:00
461,817,2026-03-27,13:57:00,
462,119,2026-03-27,13:58:00,
463,1148,2026-03-27,13:59:00,
464,860,2026-03-27,14:01:00,17:23:00
465,819,2026-03-27,14:02:00,
466,216,2026-03-27,14:02:00,
467,1107,2026-03-27,14:03:00,
468,317,2026-03-27,14:05:00,16:51:00
469,818,2026-03-27,14:08:00,
470,1179,2026-03-27,14:11:00,
471,1112,2026-03-27,14:16:00,
472,1016,2026-03-27,14:17:00,
473,1173,2026-03-27,14:18:00,
474,370,2026-03-27,14:18:00,
475,1127,2026-03-27,14:18:00,
476,948,2026-03-27,14:18:00,
477,1119,2026-03-27,14:20:00,
478,69,2026-03-27,14:20:00,17:01:00
479,409,2026-03-27,14:20:00,16:53:00
480,930,2026-03-27,14:21:00,
481,1087,2026-03-27,14:22:00,17:04:00
482,36,2026-03-27,14:22:00,16:50:00
483,913,2026-03-27,14:23:00,16:55:00
484,92,2026-03-27,14:23:00,
485,103,2026-03-27,14:23:00,
486,960,2026-03-27,14:24:00,16:57:00
487,1096,2026-03-27,14:24:00,
488,879,2026-03-27,14:25:00,
489,1196,2026-03-27,14:25:00,17:21:00
490,1003,2026-03-27,14:25:00,17:21:00
491,1103,2026-03-27,14:26:00,
492,1093,2026-03-27,14:26:00,17:10:00
493,1097,2026-03-27,14:27:00,17:11:00
494,1019,2026-03-27,14:27:00,
495,970,2026-03-27,14:27:00,
496,919,2026-03-27,14:28:00,
497,1199,2026-03-27,14:28:00,
498,139,2026-03-27,14:28:00,17:29:00
499,77,2026-03-27,14:28:00,17:04:00
500,802,2026-03-27,14:28:00,18:18:00
501,910,2026-03-27,14:28:00,
502,1130,2026-03-27,14:29:00,
503,1133,2026-03-27,14:29:00,
504,1132,2026-03-27,14:29:00,17:10:00
505,106,2026-03-27,14:29:00,17:04:00
506,101,2026-03-27,14:29:00,
507,215,2026-03-27,14:29:00,
508,820,2026-03-27,14:29:00,
509,234,2026-03-27,14:29:00,17:05:00
510,190,2026-03-27,14:30:00,
511,158,2026-03-27,14:30:00,
512,1124,2026-03-27,14:31:00,
513,912,2026-03-27,14:31:00,
514,1090,2026-03-27,14:31:00,
515,878,2026-03-27,14:31:00,17:06:00
516,1091,2026-03-27,14:32:00,
517,1134,2026-03-27,14:32:00,
518,916,2026-03-27,14:32:00,
519,386,2026-03-27,14:32:00,
520,51,2026-03-27,14:33:00,
521,1191,2026-03-27,14:34:00,17:04:00
522,130,2026-03-27,14:34:00,
523,1006,2026-03-27,14:35:00,
524,121,2026-03-27,14:36:00,
525,848,2026-03-27,14:37:00,17:05:00
527,911,2026-03-27,14:41:00,
528,339,2026-03-27,14:39:00,14:39:00
529,1128,2026-03-27,08:36:00,
607,1185,2026-03-27,17:05:00,
608,263,2026-03-27,17:10:00,
609,216,2026-03-28,08:12:00,
610,819,2026-03-28,08:12:00,
611,1107,2026-03-28,08:13:00,
612,1142,2026-03-28,08:13:00,18:37:00
613,69,2026-03-28,08:13:00,
614,1141,2026-03-28,08:14:00,18:37:00
616,984,2026-03-28,08:15:00,18:36:00
617,5001,2026-03-28,08:19:00,18:56:00
618,5045,2026-03-28,08:19:00,18:59:00
619,1095,2026-03-28,08:26:00,18:38:00
620,36,2026-03-28,08:28:00,18:47:00
621,1119,2026-03-28,08:28:00,
622,930,2026-03-28,08:28:00,18:58:00
623,913,2026-03-28,08:32:00,18:41:00
624,512,2026-03-28,08:32:00,
625,919,2026-03-28,08:32:00,18:38:00
626,916,2026-03-28,08:32:00,18:47:00
627,848,2026-03-28,08:35:00,18:38:00
628,1093,2026-03-28,08:36:00,18:42:00
629,1087,2026-03-28,08:46:00,18:40:00
630,844,2026-03-28,08:50:00,
631,190,2026-03-28,08:51:00,
632,879,2026-03-28,08:51:00,18:41:00
633,106,2026-03-28,08:52:00,
634,1130,2026-03-28,08:59:00,18:40:00
635,1019,2026-03-28,08:59:00,18:40:00
636,877,2026-03-28,09:01:00,18:38:00
637,1101,2026-03-28,08:36:00,18:38:00
638,818,2026-03-28,08:36:00,08:36:00
639,317,2026-03-28,08:37:00,18:38:00
640,439,2026-03-28,08:37:00,08:37:00
641,1103,2026-03-28,08:37:00,18:37:00
642,77,2026-03-28,08:37:00,18:40:00
643,1148,2026-03-28,08:52:00,18:38:00
644,1124,2026-03-28,08:53:00,08:53:00
645,92,2026-03-28,08:58:00,18:42:00
648,948,2026-03-28,08:58:00,18:39:00
652,970,2026-03-28,09:07:00,18:40:00
654,121,2026-03-28,09:07:00,18:58:00
656,386,2026-03-28,09:08:00,09:08:00
658,1,2026-03-28,09:09:00,09:09:00
660,1003,2026-03-28,09:10:00,18:38:00
662,1196,2026-03-28,09:10:00,18:38:00
663,119,2026-03-28,18:37:00,
693,506,2026-03-28,18:37:00,
717,1179,2026-03-28,18:37:00,
721,192,2026-03-28,18:37:00,
722,1096,2026-03-28,18:37:00,
723,1112,2026-03-28,18:38:00,
724,1185,2026-03-28,18:38:00,
725,263,2026-03-28,18:38:00,
726,370,2026-03-28,18:38:00,
727,1091,2026-03-28,18:39:00,
728,1173,2026-03-28,18:39:00,
729,1191,2026-03-28,18:39:00,
730,1128,2026-03-28,18:39:00,
731,817,2026-03-28,18:39:00,
732,960,2026-03-28,18:40:00,
733,1097,2026-03-28,18:42:00,
734,1090,2026-03-28,18:42:00,
735,339,2026-03-28,18:42:00,
736,1083,2026-03-28,18:45:00,
737,912,2026-03-28,18:46:00,
738,878,2026-03-28,18:47:00,
739,139,2026-03-28,18:48:00,
740,910,2026-03-28,18:48:00,
741,1016,2026-03-28,18:51:00,
742,860,2026-03-28,18:56:00,
743,101,2026-03-28,18:57:00,
744,108,2026-03-28,18:57:00,
745,242,2026-03-28,19:00:00,
746,158,2026-03-28,19:00:00,
747,5001,2026-03-29,11:30:00,23:50:00
755,5001,2026-03-30,01:27:00,16:18:00
764,5045,2026-03-30,08:16:00,16:18:00
766,984,2026-03-30,08:16:00,
768,69,2026-03-30,08:17:00,16:59:00
770,1141,2026-03-30,08:19:00,17:05:00
772,1095,2026-03-30,08:21:00,
774,1142,2026-03-30,08:22:00,
776,817,2026-03-30,08:24:00,
778,119,2026-03-30,08:24:00,17:08:00
780,439,2026-03-30,08:24:00,17:03:00
782,1148,2026-03-30,08:25:00,
784,506,2026-03-30,08:28:00,17:05:00
786,1128,2026-03-30,08:28:00,
788,819,2026-03-30,08:28:00,
790,1134,2026-03-30,08:29:00,
792,263,2026-03-30,08:32:00,
794,1101,2026-03-30,08:33:00,
796,860,2026-03-30,08:43:00,
798,370,2026-03-30,08:41:00,16:49:00
799,848,2026-03-30,08:48:00,
801,1173,2026-03-30,08:47:00,
802,108,2026-03-30,08:48:00,17:08:00
804,913,2026-03-30,08:50:00,17:01:00
806,317,2026-03-30,08:49:00,
807,802,2026-03-30,08:51:00,
809,919,2026-03-30,08:51:00,17:00:00
811,92,2026-03-30,08:53:00,16:45:00
812,879,2026-03-30,08:53:00,
815,1124,2026-03-30,08:53:00,
817,36,2026-03-30,08:53:00,17:05:00
818,1087,2026-03-30,08:53:00,17:00:00
820,1103,2026-03-30,08:54:00,17:05:00
822,512,2026-03-30,08:55:00,16:49:00
824,1130,2026-03-30,08:55:00,
826,1097,2026-03-30,08:55:00,17:03:00
828,1016,2026-03-30,08:55:00,
830,215,2026-03-30,08:55:00,
832,1093,2026-03-30,08:56:00,17:03:00
834,339,2026-03-30,08:56:00,
836,1091,2026-03-30,08:57:00,
838,1199,2026-03-30,08:57:00,16:59:00
840,1006,2026-03-30,08:57:00,
842,1133,2026-03-30,08:57:00,
844,1019,2026-03-30,08:57:00,
846,1196,2026-03-30,08:57:00,17:03:00
848,130,2026-03-30,08:57:00,
850,948,2026-03-30,08:58:00,
852,192,2026-03-30,08:58:00,16:45:00
854,1003,2026-03-30,08:58:00,
856,190,2026-03-30,08:58:00,
858,1083,2026-03-30,08:58:00,
860,1132,2026-03-30,08:58:00,17:03:00
862,1191,2026-03-30,08:59:00,17:03:00
864,158,2026-03-30,09:00:00,
866,820,2026-03-30,09:00:00,
868,77,2026-03-30,09:00:00,
870,386,2026-03-30,09:00:00,
872,912,2026-03-30,09:00:00,17:05:00
874,1090,2026-03-30,09:00:00,
876,916,2026-03-30,09:01:00,
878,101,2026-03-30,09:00:00,
880,1096,2026-03-30,09:01:00,16:52:00
882,139,2026-03-30,09:02:00,17:04:00
884,911,2026-03-30,09:02:00,
886,877,2026-03-30,09:07:00,
888,234,2026-03-30,09:09:00,
890,51,2026-03-30,09:10:00,
894,1112,2026-03-30,09:44:00,09:44:00
897,1181,2026-03-30,09:59:00,16:57:00
899,970,2026-03-30,10:01:00,
901,878,2026-03-30,10:23:00,
910,844,2026-03-30,09:03:00,
911,1119,2026-03-30,09:03:00,
920,1127,2026-03-30,16:52:00,
930,1185,2026-03-30,16:59:00,
934,930,2026-03-30,17:00:00,
952,106,2026-03-30,17:03:00,
964,943,2026-03-30,17:05:00,
972,5001,2026-03-31,14:20:00,
974,101,2026-03-31,09:50:00,
976,5001,2026-04-01,08:04:00,16:55:00
978,69,2026-04-01,08:16:00,17:00:00
980,944,2026-04-01,08:18:00,
982,984,2026-04-01,08:19:00,16:58:00
984,817,2026-04-01,08:23:00,
986,1095,2026-04-01,08:24:00,
988,119,2026-04-01,08:24:00,17:05:00
990,1142,2026-04-01,08:25:00,17:04:00
992,114,2026-04-01,08:25:00,
994,1128,2026-04-01,08:27:00,
996,506,2026-04-01,08:27:00,15:45:00
998,819,2026-04-01,08:28:00,
1000,370,2026-04-01,08:29:00,16:48:00
1002,263,2026-04-01,08:34:00,
1004,1107,2026-04-01,08:35:00,
1006,1101,2026-04-01,08:36:00,
1008,860,2026-04-01,08:39:00,
1010,818,2026-04-01,08:41:00,17:06:00
1012,234,2026-04-01,08:41:00,
1014,1173,2026-04-01,08:42:00,
1016,1127,2026-04-01,08:46:00,16:50:00
1018,1132,2026-04-01,08:48:00,16:52:00
1020,317,2026-04-01,08:59:00,
1022,5045,2026-04-01,08:59:00,16:55:00
1023,1199,2026-04-01,08:59:00,15:42:00
1025,877,2026-04-01,08:59:00,
1027,1116,2026-04-01,08:59:00,17:01:00
1029,1134,2026-04-01,08:59:00,
1031,192,2026-04-01,08:59:00,16:56:00
1033,190,2026-04-01,08:59:00,
1035,820,2026-04-01,08:59:00,
1037,386,2026-04-01,08:59:00,
1039,1090,2026-04-01,09:00:00,
1041,916,2026-04-01,09:00:00,
1043,130,2026-04-01,09:00:00,
1045,948,2026-04-01,09:01:00,
1047,911,2026-04-01,09:01:00,
1049,121,2026-04-01,09:01:00,
1051,92,2026-04-01,09:02:00,16:56:00
1053,242,2026-04-01,09:03:00,
1055,158,2026-04-01,09:03:00,
1057,1179,2026-04-01,09:05:00,17:05:00
1059,1185,2026-04-01,09:06:00,17:04:00
1061,339,2026-04-01,09:06:00,
1063,844,2026-04-01,09:06:00,
1065,878,2026-04-01,09:06:00,
1067,106,2026-04-01,09:06:00,16:57:00
1069,77,2026-04-01,09:55:00,16:53:00
1071,1019,2026-04-01,09:57:00,
1073,970,2026-04-01,08:54:00,13:02:00
1099,36,2026-04-01,08:50:00,16:49:00
1103,1093,2026-04-01,08:57:00,16:52:00
1105,1097,2026-04-01,08:55:00,16:52:00
1111,139,2026-04-01,08:58:00,16:53:00
1115,1096,2026-04-01,08:49:00,16:54:00
1117,913,2026-04-01,08:51:00,16:55:00
1119,960,2026-04-01,08:56:00,16:55:00
1131,930,2026-04-01,08:54:00,16:58:00
1135,1191,2026-04-01,08:51:00,16:59:00
1139,1087,2026-04-01,08:54:00,17:00:00
1142,234,2026-04-02,08:59:00,
1143,108,2026-04-01,08:50:00,17:03:00
1151,919,2026-04-01,08:57:00,17:05:00
1155,879,2026-04-01,08:52:00,17:06:00
1159,101,2026-04-01,08:55:00,17:07:00
1160,802,2026-04-01,08:52:00,
1161,1196,2026-04-01,08:48:00,
1162,1016,2026-04-01,08:51:00,
1163,103,2026-04-01,08:52:00,
1164,1103,2026-04-01,08:53:00,
1165,1112,2026-04-01,08:53:00,
1166,1083,2026-04-02,08:45:00,
1168,819,2026-04-02,08:29:00,
1169,1130,2026-04-02,08:30:00,
1170,5001,2026-04-02,08:22:00,11:15:00
1172,5045,2026-04-02,08:46:00,11:15:00
1174,69,2026-04-02,08:46:00,
1176,563,2026-04-02,08:47:00,
1178,930,2026-04-02,08:48:00,
1180,1127,2026-04-02,08:49:00,
1182,1119,2026-04-02,09:00:00,
1184,190,2026-04-02,09:01:00,
1186,121,2026-04-02,09:01:00,
1188,878,2026-04-02,09:12:00,
1190,242,2026-04-02,09:20:00,
1192,51,2026-04-02,09:39:00,
1195,1101,2026-04-02,08:36:00,
1196,1107,2026-04-02,08:36:00,
1200,114,2026-04-02,08:36:00,
1204,317,2026-04-02,08:36:00,
1293,848,2026-04-02,12:49:00,
1295,36,2026-04-02,08:50:00,13:00:00
1340,817,2026-04-02,08:21:00,
1341,119,2026-04-02,08:21:00,
1342,1095,2026-04-02,08:20:00,
1392,1003,2026-04-01,08:54:00,
1393,1133,2026-04-01,08:54:00,
1394,1130,2026-04-01,08:54:00,
1395,1091,2026-04-01,08:56:00,
1396,563,2026-04-01,08:53:00,
1397,1119,2026-04-01,08:57:00,
1398,1083,2026-04-01,08:56:00,
1399,506,2026-04-02,08:25:00,
1400,1142,2026-04-02,08:20:00,
1401,944,2026-04-02,08:18:00,
1402,984,2026-04-02,08:18:00,
1403,439,2026-04-02,08:18:00,
1404,1141,2026-04-02,08:18:00,
1405,263,2026-04-02,08:30:00,
1406,1128,2026-04-02,08:26:00,
1407,1179,2026-04-02,08:25:00,
1408,1134,2026-04-02,08:25:00,
1409,1173,2026-04-02,08:45:00,
1410,1132,2026-04-02,08:51:00,
1411,960,2026-04-02,08:51:00,
1413,103,2026-04-02,08:50:00,
1414,512,2026-04-02,08:50:00,
1415,1091,2026-04-02,08:49:00,
1416,92,2026-04-02,08:49:00,
1417,919,2026-04-02,08:54:00,
1418,1097,2026-04-02,08:54:00,
1419,1191,2026-04-02,08:54:00,
1420,1196,2026-04-02,08:53:00,
1421,215,2026-04-02,08:52:00,
1422,1103,2026-04-02,08:52:00,
1424,802,2026-04-02,08:52:00,
1425,970,2026-04-02,08:55:00,
1426,913,2026-04-02,08:55:00,
1427,77,2026-04-02,08:55:00,
1428,370,2026-04-02,08:55:00,
1429,1016,2026-04-02,08:55:00,
1430,911,2026-04-02,08:58:00,
1431,1003,2026-04-02,08:54:00,
1432,1133,2026-04-02,08:54:00,
1433,1124,2026-04-02,08:58:00,
1434,1112,2026-04-02,08:57:00,
1435,101,2026-04-02,08:57:00,
1436,130,2026-04-02,08:57:00,
1437,1096,2026-04-02,08:57:00,
1438,1093,2026-04-02,08:56:00,
1439,192,2026-04-02,08:56:00,
1440,1019,2026-04-02,08:59:00,
1441,1199,2026-04-02,08:59:00,
1444,879,2026-04-02,08:59:00,
1445,912,2026-04-02,08:59:00,
1446,1090,2026-04-02,08:59:00,
1447,1185,2026-04-02,09:09:00,
1448,339,2026-04-02,09:09:00,
1449,943,2026-04-02,09:05:00,
1450,158,2026-04-02,09:05:00,
1451,877,2026-04-02,09:05:00,
1452,844,2026-04-02,09:05:00,