id,emp_id,month,year,total_present,total_leave,total_lop,calculated_salary,status,generated_at,with_pay_count,without_pay_count,deductions_applied,gross_salary,total_days_in_period,from_date,to_date,paid_at,esi_gross,employee_esi,present_days,with_pay_days,without_pay_days,total_payable_days
16,802,3,2026,12,0,8,24000.00,Paid,2026-03-07 06:04:22.079567,12.00,8.00,16000.00,40000.00,20,2026-02-26,2026-03-25,2026-03-31 05:02:58.272067,0.00,0.00,0.00,0.00,0.00,0.00
18,5045,3,2026,13,0,7,26000.00,Paid,2026-03-07 06:04:22.514495,13.00,7.00,14000.00,40000.00,20,2026-02-26,2026-03-25,2026-03-31 05:02:58.272067,0.00,0.00,0.00,0.00,0.00,0.00
19,101,3,2026,10,0,10,20000.00,Paid,2026-03-07 06:04:22.714289,10.00,10.00,20000.00,40000.00,20,2026-02-26,2026-03-25,2026-03-31 05:02:58.272067,0.00,0.00,0.00,0.00,0.00,0.00
22,186,3,2026,1,0,19,2000.00,Paid,2026-03-10 05:03:10.860415,1.00,19.00,38000.00,40000.00,20,2026-02-26,2026-03-25,2026-03-31 05:02:58.272067,0.00,0.00,0.00,0.00,0.00,0.00
23,108,3,2026,5,0,15,10000.00,Paid,2026-03-10 05:03:11.045118,5.00,15.00,30000.00,40000.00,20,2026-02-26,2026-03-25,2026-03-31 05:02:58.272067,0.00,0.00,0.00,0.00,0.00,0.00
26,818,3,2026,9,0,11,18000.00,Paid,2026-03-10 05:03:11.654132,9.00,11.00,22000.00,40000.00,20,2026-02-26,2026-03-25,2026-03-31 05:02:58.272067,0.00,0.00,0.00,0.00,0.00,0.00
27,216,3,2026,8,0,12,16000.00,Paid,2026-03-10 05:03:11.861172,8.00,12.00,24000.00,40000.00,20,2026-02-26,2026-03-25,2026-03-31 05:02:58.272067,0.00,0.00,0.00,0.00,0.00,0.00
28,1196,3,2026,6,0,14,12000.00,Paid,2026-03-10 05:03:12.059086,6.00,14.00,28000.00,40000.00,20,2026-02-26,2026-03-25,2026-03-31 05:02:58.272067,0.00,0.00,0.00,0.00,0.00,0.00
29,1199,3,2026,10,0,10,20000.00,Paid,2026-03-10 05:03:12.220131,10.00,10.00,20000.00,40000.00,20,2026-02-26,2026-03-25,2026-03-31 05:02:58.272067,0.00,0.00,0.00,0.00,0.00,0.00
30,1006,3,2026,7,0,13,14000.00,Paid,2026-03-10 05:03:12.450147,7.00,13.00,26000.00,40000.00,20,2026-02-26,2026-03-25,2026-03-31 05:02:58.272067,0.00,0.00,0.00,0.00,0.00,0.00
31,1133,3,2026,9,0,11,18000.00,Paid,2026-03-10 05:03:12.650119,9.00,11.00,22000.00,40000.00,20,2026-02-26,2026-03-25,2026-03-31 05:02:58.272067,0.00,0.00,0.00,0.00,0.00,0.00
32,1127,3,2026,7,0,13,14000.00,Paid,2026-03-10 05:03:12.853079,7.00,13.00,26000.00,40000.00,20,2026-02-26,2026-03-25,2026-03-31 05:02:58.272067,0.00,0.00,0.00,0.00,0.00,0.00
33,1124,3,2026,2,0,18,4000.00,Paid,2026-03-10 05:03:13.04512,2.00,18.00,36000.00,40000.00,20,2026-02-26,2026-03-25,2026-03-31 05:02:58.272067,0.00,0.00,0.00,0.00,0.00,0.00
34,1119,3,2026,8,0,12,14000.00,Paid,2026-03-10 05:03:13.248245,8.00,12.00,26000.00,40000.00,20,2026-02-26,2026-03-25,2026-03-31 05:02:58.272067,0.00,0.00,0.00,0.00,0.00,0.00
35,848,3,2026,3,0,17,6000.00,Paid,2026-03-17 04:01:16.257584,3.00,17.00,34000.00,40000.00,20,2026-02-26,2026-03-25,2026-03-31 05:02:58.272067,0.00,0.00,0.00,0.00,0.00,0.00
36,69,3,2026,5,0,15,10000.00,Paid,2026-03-17 04:01:16.404195,5.00,15.00,30000.00,40000.00,20,2026-02-26,2026-03-25,2026-03-31 05:02:58.272067,0.00,0.00,0.00,0.00,0.00,0.00
37,1087,3,2026,4,0,16,8000.00,Paid,2026-03-17 04:01:16.537976,4.00,16.00,32000.00,40000.00,20,2026-02-26,2026-03-25,2026-03-31 05:02:58.272067,0.00,0.00,0.00,0.00,0.00,0.00
39,1185,3,2026,1,0,19,2000.00,Paid,2026-03-17 04:01:16.804053,1.00,19.00,38000.00,40000.00,20,2026-02-26,2026-03-25,2026-03-31 05:02:58.272067,0.00,0.00,0.00,0.00,0.00,0.00
43,1097,3,2026,5,0,15,10000.00,Paid,2026-03-17 04:01:17.335358,5.00,15.00,30000.00,40000.00,20,2026-02-26,2026-03-25,2026-03-31 05:02:58.272067,0.00,0.00,0.00,0.00,0.00,0.00
45,144,3,2026,0,0,20,0.00,Paid,2026-03-17 04:01:17.601327,0.00,20.00,40000.00,40000.00,20,2026-02-26,2026-03-25,2026-03-31 05:02:58.272067,0.00,0.00,0.00,0.00,0.00,0.00
46,984,3,2026,0,0,20,0.00,Paid,2026-03-17 04:01:17.735326,0.00,20.00,40000.00,40000.00,20,2026-02-26,2026-03-25,2026-03-31 05:02:58.272067,0.00,0.00,0.00,0.00,0.00,0.00
47,817,3,2026,3,0,17,6000.00,Paid,2026-03-17 04:01:17.867222,3.00,17.00,34000.00,40000.00,20,2026-02-26,2026-03-25,2026-03-31 05:02:58.272067,0.00,0.00,0.00,0.00,0.00,0.00
48,1116,3,2026,2,0,18,4000.00,Paid,2026-03-17 04:01:17.999011,2.00,18.00,36000.00,40000.00,20,2026-02-26,2026-03-25,2026-03-31 05:02:58.272067,0.00,0.00,0.00,0.00,0.00,0.00
49,916,3,2026,0,0,20,0.00,Paid,2026-03-17 04:01:18.131641,0.00,20.00,35000.00,35000.00,20,2026-02-26,2026-03-25,2026-03-31 05:02:58.272067,0.00,0.00,0.00,0.00,0.00,0.00
50,913,3,2026,4,0,16,8000.00,Paid,2026-03-17 04:01:18.26358,4.00,16.00,32000.00,40000.00,20,2026-02-26,2026-03-25,2026-03-31 05:02:58.272067,0.00,0.00,0.00,0.00,0.00,0.00
51,1134,3,2026,3,0,17,6000.00,Paid,2026-03-17 04:01:18.395572,3.00,17.00,34000.00,40000.00,20,2026-02-26,2026-03-25,2026-03-31 05:02:58.272067,0.00,0.00,0.00,0.00,0.00,0.00
52,1173,3,2026,3,0,17,6000.00,Paid,2026-03-17 04:01:18.5275,3.00,17.00,34000.00,40000.00,20,2026-02-26,2026-03-25,2026-03-31 05:02:58.272067,0.00,0.00,0.00,0.00,0.00,0.00
53,1112,3,2026,5,0,15,10000.00,Paid,2026-03-17 04:01:18.659663,5.00,15.00,30000.00,40000.00,20,2026-02-26,2026-03-25,2026-03-31 05:02:58.272067,0.00,0.00,0.00,0.00,0.00,0.00
54,878,3,2026,1,0,19,2000.00,Paid,2026-03-17 04:01:18.791461,1.00,19.00,38000.00,40000.00,20,2026-02-26,2026-03-25,2026-03-31 05:02:58.272067,0.00,0.00,0.00,0.00,0.00,0.00
55,919,3,2026,5,0,15,10000.00,Paid,2026-03-17 04:01:18.924316,5.00,15.00,30000.00,40000.00,20,2026-02-26,2026-03-25,2026-03-31 05:02:58.272067,0.00,0.00,0.00,0.00,0.00,0.00
56,103,3,2026,4,0,16,8000.00,Paid,2026-03-17 04:01:19.05699,4.00,16.00,32000.00,40000.00,20,2026-02-26,2026-03-25,2026-03-31 05:02:58.272067,0.00,0.00,0.00,0.00,0.00,0.00
57,121,3,2026,1,0,19,2000.00,Paid,2026-03-17 04:01:19.188998,1.00,19.00,38000.00,40000.00,20,2026-02-26,2026-03-25,2026-03-31 05:02:58.272067,0.00,0.00,0.00,0.00,0.00,0.00
58,948,3,2026,0,0,20,0.00,Paid,2026-03-17 04:01:19.322021,0.00,20.00,40000.00,40000.00,20,2026-02-26,2026-03-25,2026-03-31 05:02:58.272067,0.00,0.00,0.00,0.00,0.00,0.00
59,386,3,2026,3,0,17,6000.00,Paid,2026-03-17 04:01:19.453759,3.00,17.00,34000.00,40000.00,20,2026-02-26,2026-03-25,2026-03-31 05:02:58.272067,0.00,0.00,0.00,0.00,0.00,0.00
64,234,3,2026,0,0,20,0.00,Paid,2026-03-17 04:01:20.114267,0.00,20.00,40000.00,40000.00,20,2026-02-26,2026-03-25,2026-03-31 05:02:58.272067,0.00,0.00,0.00,0.00,0.00,0.00
71,51,3,2026,0,0,20,0.00,Paid,2026-03-17 04:01:21.039395,0.00,20.00,40000.00,40000.00,20,2026-02-26,2026-03-25,2026-03-31 05:02:58.272067,0.00,0.00,0.00,0.00,0.00,0.00
72,119,3,2026,2,0,18,4000.00,Paid,2026-03-17 04:01:21.171293,2.00,18.00,36000.00,40000.00,20,2026-02-26,2026-03-25,2026-03-31 05:02:58.272067,0.00,0.00,0.00,0.00,0.00,0.00
73,36,3,2026,3,0,17,6000.00,Paid,2026-03-17 04:01:21.302983,3.00,17.00,34000.00,40000.00,20,2026-02-26,2026-03-25,2026-03-31 05:02:58.272067,0.00,0.00,0.00,0.00,0.00,0.00
74,911,3,2026,2,0,18,4000.00,Paid,2026-03-17 04:01:21.434976,2.00,18.00,36000.00,40000.00,20,2026-02-26,2026-03-25,2026-03-31 05:02:58.272067,0.00,0.00,0.00,0.00,0.00,0.00
75,130,3,2026,2,0,18,4000.00,Paid,2026-03-17 04:01:21.566812,2.00,18.00,36000.00,40000.00,20,2026-02-26,2026-03-25,2026-03-31 05:02:58.272067,0.00,0.00,0.00,0.00,0.00,0.00
76,860,3,2026,4,0,16,8000.00,Paid,2026-03-17 04:01:21.698951,4.00,16.00,32000.00,40000.00,20,2026-02-26,2026-03-25,2026-03-31 05:02:58.272067,0.00,0.00,0.00,0.00,0.00,0.00
77,563,3,2026,2,0,18,4000.00,Paid,2026-03-17 04:01:21.830452,2.00,18.00,36000.00,40000.00,20,2026-02-26,2026-03-25,2026-03-31 05:02:58.272067,0.00,0.00,0.00,0.00,0.00,0.00
78,912,3,2026,2,0,18,4000.00,Paid,2026-03-17 04:01:21.962263,2.00,18.00,36000.00,40000.00,20,2026-02-26,2026-03-25,2026-03-31 05:02:58.272067,0.00,0.00,0.00,0.00,0.00,0.00
79,158,3,2026,3,0,17,6000.00,Paid,2026-03-17 04:01:22.094045,3.00,17.00,34000.00,40000.00,20,2026-02-26,2026-03-25,2026-03-31 05:02:58.272067,0.00,0.00,0.00,0.00,0.00,0.00
190,5001,3,2026,14,0,6,15000.00,Paid,2026-03-22 08:31:23.426574,14.00,6.00,15000.00,30000.00,20,2026-02-26,2026-03-25,2026-03-31 05:02:58.272067,0.00,0.00,0.00,0.00,0.00,0.00
191,242,3,2026,1,0,19,2000.00,Paid,2026-03-22 09:16:15.457642,1.00,19.00,38000.00,40000.00,20,2026-02-26,2026-03-25,2026-03-31 05:02:58.272067,0.00,0.00,0.00,0.00,0.00,0.00
192,317,3,2026,4,0,16,7999.60,Paid,2026-03-22 09:16:15.651812,4.00,16.00,31998.40,39998.00,20,2026-02-26,2026-03-25,2026-03-31 05:02:58.272067,0.00,0.00,0.00,0.00,0.00,0.00
193,192,3,2026,2,0,18,4000.00,Paid,2026-03-22 09:16:15.779437,2.00,18.00,36000.00,40000.00,20,2026-02-26,2026-03-25,2026-03-31 05:02:58.272067,0.00,0.00,0.00,0.00,0.00,0.00
194,263,3,2026,1,0,19,2000.00,Paid,2026-03-22 09:16:15.906987,1.00,19.00,38000.00,40000.00,20,2026-02-26,2026-03-25,2026-03-31 05:02:58.272067,0.00,0.00,0.00,0.00,0.00,0.00
195,1096,3,2026,1,0,19,2000.00,Paid,2026-03-22 09:16:16.09517,1.00,19.00,38000.00,40000.00,20,2026-02-26,2026-03-25,2026-03-31 05:02:58.272067,0.00,0.00,0.00,0.00,0.00,0.00
196,1093,3,2026,3,0,17,6000.00,Paid,2026-03-22 09:16:16.283914,3.00,17.00,34000.00,40000.00,20,2026-02-26,2026-03-25,2026-03-31 05:02:58.272067,0.00,0.00,0.00,0.00,0.00,0.00
197,910,3,2026,2,0,18,4000.00,Paid,2026-03-22 09:16:16.409884,2.00,18.00,36000.00,40000.00,20,2026-02-26,2026-03-25,2026-03-31 05:02:58.272067,0.00,0.00,0.00,0.00,0.00,0.00
198,92,3,2026,1,0,19,2000.00,Paid,2026-03-22 09:16:16.535912,1.00,19.00,38000.00,40000.00,20,2026-02-26,2026-03-25,2026-03-31 05:02:58.272067,0.00,0.00,0.00,0.00,0.00,0.00
199,1103,3,2026,2,0,18,4000.00,Paid,2026-03-22 09:16:16.661872,2.00,18.00,36000.00,40000.00,20,2026-02-26,2026-03-25,2026-03-31 05:02:58.272067,0.00,0.00,0.00,0.00,0.00,0.00
200,1141,3,2026,3,0,17,6000.00,Paid,2026-03-22 09:16:16.787671,3.00,17.00,34000.00,40000.00,20,2026-02-26,2026-03-25,2026-03-31 05:02:58.272067,0.00,0.00,0.00,0.00,0.00,0.00
201,339,3,2026,0,0,20,0.00,Paid,2026-03-22 09:16:16.914034,0.00,20.00,40000.00,40000.00,20,2026-02-26,2026-03-25,2026-03-31 05:02:58.272067,0.00,0.00,0.00,0.00,0.00,0.00
202,970,3,2026,3,0,17,6000.00,Paid,2026-03-22 09:16:17.165117,3.00,17.00,34000.00,40000.00,20,2026-02-26,2026-03-25,2026-03-31 05:02:58.272067,0.00,0.00,0.00,0.00,0.00,0.00
203,1090,3,2026,2,0,18,4000.00,Paid,2026-03-22 09:16:17.291509,2.00,18.00,36000.00,40000.00,20,2026-02-26,2026-03-25,2026-03-31 05:02:58.272067,0.00,0.00,0.00,0.00,0.00,0.00
204,1095,3,2026,3,0,17,6000.00,Paid,2026-03-22 09:16:17.417373,3.00,17.00,34000.00,40000.00,20,2026-02-26,2026-03-25,2026-03-31 05:02:58.272067,0.00,0.00,0.00,0.00,0.00,0.00
205,1130,3,2026,1,0,19,2000.00,Paid,2026-03-22 09:16:17.605996,1.00,19.00,38000.00,40000.00,20,2026-02-26,2026-03-25,2026-03-31 05:02:58.272067,0.00,0.00,0.00,0.00,0.00,0.00
206,139,3,2026,0,0,20,0.00,Paid,2026-03-22 09:16:17.732053,0.00,20.00,40000.00,40000.00,20,2026-02-26,2026-03-25,2026-03-31 05:02:58.272067,0.00,0.00,0.00,0.00,0.00,0.00
207,1128,3,2026,1,0,19,2000.00,Paid,2026-03-22 09:16:17.858428,1.00,19.00,38000.00,40000.00,20,2026-02-26,2026-03-25,2026-03-31 05:02:58.272067,0.00,0.00,0.00,0.00,0.00,0.00
208,960,3,2026,2,0,18,4000.00,Paid,2026-03-22 09:16:17.984272,2.00,18.00,36000.00,40000.00,20,2026-02-26,2026-03-25,2026-03-31 05:02:58.272067,0.00,0.00,0.00,0.00,0.00,0.00
209,1181,3,2026,0,0,20,0.00,Paid,2026-03-22 09:16:18.173689,0.00,20.00,40000.00,40000.00,20,2026-02-26,2026-03-25,2026-03-31 05:02:58.272067,0.00,0.00,0.00,0.00,0.00,0.00
210,930,3,2026,4,0,16,8000.00,Paid,2026-03-22 09:16:18.299844,4.00,16.00,32000.00,40000.00,20,2026-02-26,2026-03-25,2026-03-31 05:02:58.272067,0.00,0.00,0.00,0.00,0.00,0.00
211,1019,3,2026,0,0,20,0.00,Paid,2026-03-22 09:16:18.488133,0.00,20.00,40000.00,40000.00,20,2026-02-26,2026-03-25,2026-03-31 05:02:58.272067,0.00,0.00,0.00,0.00,0.00,0.00
212,1003,3,2026,3,0,17,6000.00,Paid,2026-03-22 09:16:18.614067,3.00,17.00,34000.00,40000.00,20,2026-02-26,2026-03-25,2026-03-31 05:02:58.272067,0.00,0.00,0.00,0.00,0.00,0.00
213,506,3,2026,3,0,17,6000.00,Paid,2026-03-22 09:16:18.73988,3.00,17.00,34000.00,40000.00,20,2026-02-26,2026-03-25,2026-03-31 05:02:58.272067,0.00,0.00,0.00,0.00,0.00,0.00
214,439,3,2026,0,0,20,0.00,Paid,2026-03-22 09:16:18.869585,0.00,20.00,40000.00,40000.00,20,2026-02-26,2026-03-25,2026-03-31 05:02:58.272067,0.00,0.00,0.00,0.00,0.00,0.00
215,877,3,2026,0,0,20,0.00,Paid,2026-03-22 09:16:18.995559,0.00,20.00,40000.00,40000.00,20,2026-02-26,2026-03-25,2026-03-31 05:02:58.272067,0.00,0.00,0.00,0.00,0.00,0.00
216,879,3,2026,4,0,16,8000.00,Paid,2026-03-22 09:16:19.184254,4.00,16.00,32000.00,40000.00,20,2026-02-26,2026-03-25,2026-03-31 05:02:58.272067,0.00,0.00,0.00,0.00,0.00,0.00
217,1,3,2026,0,0,20,0.00,Paid,2026-03-22 09:16:19.310203,0.00,20.00,40000.00,40000.00,20,2026-02-26,2026-03-25,2026-03-31 05:02:58.272067,0.00,0.00,0.00,0.00,0.00,0.00
218,819,3,2026,1,0,19,2000.00,Paid,2026-03-22 09:16:19.436091,1.00,19.00,38000.00,40000.00,20,2026-02-26,2026-03-25,2026-03-31 05:02:58.272067,0.00,0.00,0.00,0.00,0.00,0.00
219,820,3,2026,2,0,18,4000.00,Paid,2026-03-22 09:16:19.562294,2.00,18.00,36000.00,40000.00,20,2026-02-26,2026-03-25,2026-03-31 05:02:58.272067,0.00,0.00,0.00,0.00,0.00,0.00
220,1016,3,2026,1,0,19,2000.00,Paid,2026-03-22 09:16:19.692567,1.00,19.00,38000.00,40000.00,20,2026-02-26,2026-03-25,2026-03-31 05:02:58.272067,0.00,0.00,0.00,0.00,0.00,0.00
221,409,3,2026,4,0,16,8000.00,Paid,2026-03-22 09:16:19.818276,4.00,16.00,32000.00,40000.00,20,2026-02-26,2026-03-25,2026-03-31 05:02:58.272067,0.00,0.00,0.00,0.00,0.00,0.00
222,215,3,2026,3,0,17,6000.00,Paid,2026-03-22 09:16:20.006393,3.00,17.00,34000.00,40000.00,20,2026-02-26,2026-03-25,2026-03-31 05:02:58.272067,0.00,0.00,0.00,0.00,0.00,0.00
223,1083,3,2026,1,0,19,2000.00,Paid,2026-03-22 09:16:20.131958,1.00,19.00,38000.00,40000.00,20,2026-02-26,2026-03-25,2026-03-31 05:02:58.272067,0.00,0.00,0.00,0.00,0.00,0.00
224,1191,3,2026,3,0,17,6000.00,Paid,2026-03-22 09:16:20.320083,3.00,17.00,34000.00,40000.00,20,2026-02-26,2026-03-25,2026-03-31 05:02:58.272067,0.00,0.00,0.00,0.00,0.00,0.00
225,1091,3,2026,0,0,20,0.00,Paid,2026-03-22 09:16:20.446582,0.00,20.00,40000.00,40000.00,20,2026-02-26,2026-03-25,2026-03-31 05:02:58.272067,0.00,0.00,0.00,0.00,0.00,0.00
226,512,3,2026,3,0,17,6000.00,Paid,2026-03-22 09:16:20.575162,3.00,17.00,34000.00,40000.00,20,2026-02-26,2026-03-25,2026-03-31 05:02:58.272067,0.00,0.00,0.00,0.00,0.00,0.00
227,1132,3,2026,3,0,17,6000.00,Paid,2026-03-22 09:16:20.703197,3.00,17.00,34000.00,40000.00,20,2026-02-26,2026-03-25,2026-03-31 05:02:58.272067,0.00,0.00,0.00,0.00,0.00,0.00
228,106,3,2026,0,0,20,0.00,Paid,2026-03-22 09:16:20.830106,0.00,20.00,40000.00,40000.00,20,2026-02-26,2026-03-25,2026-03-31 05:02:58.272067,0.00,0.00,0.00,0.00,0.00,0.00
229,77,3,2026,2,0,18,4000.00,Paid,2026-03-22 09:16:20.955903,2.00,18.00,36000.00,40000.00,20,2026-02-26,2026-03-25,2026-03-31 05:02:58.272067,0.00,0.00,0.00,0.00,0.00,0.00
230,923,3,2026,0,0,20,0.00,Paid,2026-03-22 09:16:21.087355,0.00,20.00,40000.00,40000.00,20,2026-02-26,2026-03-25,2026-03-31 05:02:58.272067,0.00,0.00,0.00,0.00,0.00,0.00
231,1148,3,2026,2,0,18,4000.00,Paid,2026-03-22 09:16:21.214227,2.00,18.00,36000.00,40000.00,20,2026-02-26,2026-03-25,2026-03-31 05:02:58.272067,0.00,0.00,0.00,0.00,0.00,0.00
232,1114,3,2026,0,0,20,0.00,Paid,2026-03-22 09:16:21.340243,0.00,20.00,40000.00,40000.00,20,2026-02-26,2026-03-25,2026-03-31 05:02:58.272067,0.00,0.00,0.00,0.00,0.00,0.00
233,Management,3,2026,0,0,20,0.00,Paid,2026-03-22 09:16:21.466078,0.00,20.00,0.00,0.00,20,2026-02-26,2026-03-25,2026-03-31 05:02:58.272067,0.00,0.00,0.00,0.00,0.00,0.00
234,1101,3,2026,3,0,17,6000.00,Paid,2026-03-22 09:16:21.591997,3.00,17.00,34000.00,40000.00,20,2026-02-26,2026-03-25,2026-03-31 05:02:58.272067,0.00,0.00,0.00,0.00,0.00,0.00
235,844,3,2026,0,0,20,0.00,Paid,2026-03-23 07:06:10.856004,0.00,20.00,0.00,0.00,20,2026-02-26,2026-03-25,2026-03-31 05:02:58.272067,0.00,0.00,0.00,0.00,0.00,0.00
236,370,3,2026,0,0,20,0.00,Paid,2026-03-23 07:06:14.644307,0.00,20.00,0.00,0.00,20,2026-02-26,2026-03-25,2026-03-31 05:02:58.272067,0.00,0.00,0.00,0.00,0.00,0.00
237,190,3,2026,1,0,19,2000.00,Paid,2026-03-24 04:49:37.077087,1.00,19.00,38000.00,40000.00,20,2026-02-26,2026-03-25,2026-03-31 05:02:58.272067,0.00,0.00,0.00,0.00,0.00,0.00
238,1142,3,2026,2,0,18,0.00,Paid,2026-03-24 05:02:03.563813,2.00,18.00,0.00,0.00,20,2026-02-26,2026-03-25,2026-03-31 05:02:58.272067,0.00,0.00,0.00,0.00,0.00,0.00
240,108,4,2026,6,0,25,7741.94,Paid,2026-03-25 19:11:28.492764,6.00,25.00,0.00,7741.94,31,2026-03-26,2026-04-25,2026-03-31 19:42:46.727346,0.00,0.00,0.00,0.00,0.00,0.00
241,818,4,2026,6,0,25,7741.94,Paid,2026-03-25 19:11:28.835425,6.00,25.00,0.00,7741.94,31,2026-03-26,2026-04-25,2026-03-31 19:42:46.727346,0.00,0.00,0.00,0.00,0.00,0.00
242,1133,4,2026,6,0,25,7741.94,Paid,2026-03-25 19:11:28.959479,6.00,25.00,0.00,7741.94,31,2026-03-26,2026-04-25,2026-03-31 19:42:46.727346,0.00,0.00,0.00,0.00,0.00,0.00
243,186,4,2026,6,0,25,7741.94,Paid,2026-03-25 19:11:29.086001,6.00,25.00,0.00,7741.94,31,2026-03-26,2026-04-25,2026-03-31 19:42:46.727346,0.00,0.00,0.00,0.00,0.00,0.00
244,5045,4,2026,5,0,26,6451.61,Paid,2026-03-25 19:11:29.21106,5.00,26.00,0.00,6451.61,31,2026-03-26,2026-04-25,2026-03-31 19:42:46.727346,0.00,0.00,0.00,0.00,0.00,0.00
245,802,4,2026,6,0,25,7741.94,Paid,2026-03-25 19:11:29.334398,6.00,25.00,0.00,7741.94,31,2026-03-26,2026-04-25,2026-03-31 19:42:46.727346,0.00,0.00,0.00,0.00,0.00,0.00
246,844,4,2026,5,0,26,4838.71,Paid,2026-03-25 19:11:29.553922,5.00,26.00,0.00,4838.71,31,2026-03-26,2026-04-25,2026-03-31 19:42:46.727346,0.00,0.00,0.00,0.00,0.00,0.00
247,1142,4,2026,6,0,25,0.00,Paid,2026-03-25 19:11:29.677809,6.00,25.00,0.00,0.00,31,2026-03-26,2026-04-25,2026-03-31 19:42:46.727346,0.00,0.00,0.00,0.00,0.00,0.00
248,1124,4,2026,4,0,27,5161.29,Paid,2026-03-25 19:11:29.802119,4.00,27.00,0.00,5161.29,31,2026-03-26,2026-04-25,2026-03-31 19:42:46.727346,0.00,0.00,0.00,0.00,0.00,0.00
249,817,4,2026,6,0,25,7741.94,Paid,2026-03-25 19:11:29.925661,6.00,25.00,0.00,7741.94,31,2026-03-26,2026-04-25,2026-03-31 19:42:46.727346,0.00,0.00,0.00,0.00,0.00,0.00
250,1006,4,2026,4,0,27,5161.29,Paid,2026-03-25 19:11:30.049618,4.00,27.00,0.00,5161.29,31,2026-03-26,2026-04-25,2026-03-31 19:42:46.727346,0.00,0.00,0.00,0.00,0.00,0.00
251,848,4,2026,5,0,26,6451.61,Paid,2026-03-25 19:11:30.173899,5.00,26.00,0.00,6451.61,31,2026-03-26,2026-04-25,2026-03-31 19:42:46.727346,0.00,0.00,0.00,0.00,0.00,0.00
252,386,4,2026,4,0,27,5161.29,Paid,2026-03-25 19:11:30.298056,4.00,27.00,0.00,5161.29,31,2026-03-26,2026-04-25,2026-03-31 19:42:46.727346,0.00,0.00,0.00,0.00,0.00,0.00
253,1199,4,2026,6,0,25,7741.94,Paid,2026-03-25 19:11:30.422752,6.00,25.00,0.00,7741.94,31,2026-03-26,2026-04-25,2026-03-31 19:42:46.727346,0.00,0.00,0.00,0.00,0.00,0.00
254,101,4,2026,6,0,25,7741.94,Paid,2026-03-25 19:11:30.546921,6.00,25.00,0.00,7741.94,31,2026-03-26,2026-04-25,2026-03-31 19:42:46.727346,0.00,0.00,0.00,0.00,0.00,0.00
255,878,4,2026,3,0,28,3870.97,Paid,2026-03-25 19:11:30.671293,3.00,28.00,0.00,3870.97,31,2026-03-26,2026-04-25,2026-03-31 19:42:46.727346,0.00,0.00,0.00,0.00,0.00,0.00
256,984,4,2026,6,0,25,5806.45,Paid,2026-03-25 19:11:30.794719,6.00,25.00,0.00,5806.45,31,2026-03-26,2026-04-25,2026-03-31 19:42:46.727346,0.00,0.00,0.00,0.00,0.00,0.00
257,103,4,2026,6,0,25,7741.94,Paid,2026-03-25 19:11:30.926123,6.00,25.00,0.00,7741.94,31,2026-03-26,2026-04-25,2026-03-31 19:42:46.727346,0.00,0.00,0.00,0.00,0.00,0.00
258,234,4,2026,4,0,27,5161.29,Paid,2026-03-25 19:11:31.050939,4.00,27.00,0.00,5161.29,31,2026-03-26,2026-04-25,2026-03-31 19:42:46.727346,0.00,0.00,0.00,0.00,0.00,0.00
259,121,4,2026,3,0,28,3870.97,Paid,2026-03-25 19:11:31.174442,3.00,28.00,0.00,3870.97,31,2026-03-26,2026-04-25,2026-03-31 19:42:46.727346,0.00,0.00,0.00,0.00,0.00,0.00
260,69,4,2026,6,0,25,3496.77,Paid,2026-03-25 19:11:31.298522,6.00,25.00,2600.00,6096.77,31,2026-03-26,2026-04-25,2026-03-31 19:42:46.727346,0.00,0.00,0.00,0.00,0.00,0.00
261,144,4,2026,6,0,25,7741.94,Paid,2026-03-25 19:11:31.422212,6.00,25.00,0.00,7741.94,31,2026-03-26,2026-04-25,2026-03-31 19:42:46.727346,0.00,0.00,0.00,0.00,0.00,0.00
262,1134,4,2026,5,0,26,6451.61,Paid,2026-03-25 19:11:31.551477,5.00,26.00,0.00,6451.61,31,2026-03-26,2026-04-25,2026-03-31 19:42:46.727346,0.00,0.00,0.00,0.00,0.00,0.00
263,919,4,2026,6,0,25,7741.94,Paid,2026-03-25 19:11:31.859336,6.00,25.00,0.00,7741.94,31,2026-03-26,2026-04-25,2026-03-31 19:42:46.727346,0.00,0.00,0.00,0.00,0.00,0.00
264,1116,4,2026,6,0,25,7741.94,Paid,2026-03-25 19:11:31.982819,6.00,25.00,0.00,7741.94,31,2026-03-26,2026-04-25,2026-03-31 19:42:46.727346,0.00,0.00,0.00,0.00,0.00,0.00
265,1112,4,2026,5,0,26,6451.61,Paid,2026-03-25 19:11:32.10625,5.00,26.00,0.00,6451.61,31,2026-03-26,2026-04-25,2026-03-31 19:42:46.727346,0.00,0.00,0.00,0.00,0.00,0.00
266,1127,4,2026,5,0,26,6451.61,Paid,2026-03-25 19:11:32.230356,5.00,26.00,0.00,6451.61,31,2026-03-26,2026-04-25,2026-03-31 19:42:46.727346,0.00,0.00,0.00,0.00,0.00,0.00
267,1097,4,2026,6,0,25,7741.94,Paid,2026-03-25 19:11:32.353795,6.00,25.00,0.00,7741.94,31,2026-03-26,2026-04-25,2026-03-31 19:42:46.727346,0.00,0.00,0.00,0.00,0.00,0.00
268,1185,4,2026,3,0,28,3870.97,Paid,2026-03-25 19:11:32.477279,3.00,28.00,0.00,3870.97,31,2026-03-26,2026-04-25,2026-03-31 19:42:46.727346,0.00,0.00,0.00,0.00,0.00,0.00
269,1119,4,2026,5,0,26,4451.61,Paid,2026-03-25 19:11:32.602651,5.00,26.00,2000.00,6451.61,31,2026-03-26,2026-04-25,2026-03-31 19:42:46.727346,0.00,0.00,0.00,0.00,0.00,0.00
270,1087,4,2026,6,0,25,7741.94,Paid,2026-03-25 19:11:32.726103,6.00,25.00,0.00,7741.94,31,2026-03-26,2026-04-25,2026-03-31 19:42:46.727346,0.00,0.00,0.00,0.00,0.00,0.00
271,916,4,2026,3,0,28,2903.23,Paid,2026-03-25 19:11:32.849743,3.00,28.00,0.00,2903.23,31,2026-03-26,2026-04-25,2026-03-31 19:42:46.727346,0.00,0.00,0.00,0.00,0.00,0.00
272,913,4,2026,5,0,26,6451.61,Paid,2026-03-25 19:11:32.973309,5.00,26.00,0.00,6451.61,31,2026-03-26,2026-04-25,2026-03-31 19:42:46.727346,0.00,0.00,0.00,0.00,0.00,0.00
273,1173,4,2026,6,0,25,7741.94,Paid,2026-03-25 19:11:33.09696,6.00,25.00,0.00,7741.94,31,2026-03-26,2026-04-25,2026-03-31 19:42:46.727346,0.00,0.00,0.00,0.00,0.00,0.00
274,948,4,2026,6,0,25,7741.94,Paid,2026-03-25 19:11:33.220796,6.00,25.00,0.00,7741.94,31,2026-03-26,2026-04-25,2026-03-31 19:42:46.727346,0.00,0.00,0.00,0.00,0.00,0.00
275,216,4,2026,6,0,25,7741.94,Paid,2026-03-25 19:11:33.344123,6.00,25.00,0.00,7741.94,31,2026-03-26,2026-04-25,2026-03-31 19:42:46.727346,0.00,0.00,0.00,0.00,0.00,0.00
276,139,4,2026,4,0,27,5161.29,Paid,2026-03-25 19:11:33.515819,4.00,27.00,0.00,5161.29,31,2026-03-26,2026-04-25,2026-03-31 19:42:46.727346,0.00,0.00,0.00,0.00,0.00,0.00
277,370,4,2026,6,0,25,0.00,Paid,2026-03-25 19:11:33.663907,6.00,25.00,0.00,0.00,31,2026-03-26,2026-04-25,2026-03-31 19:42:46.727346,0.00,0.00,0.00,0.00,0.00,0.00
278,563,4,2026,6,0,25,7741.94,Paid,2026-03-25 19:11:33.787336,6.00,25.00,0.00,7741.94,31,2026-03-26,2026-04-25,2026-03-31 19:42:46.727346,0.00,0.00,0.00,0.00,0.00,0.00
279,911,4,2026,4,0,27,5161.29,Paid,2026-03-25 19:11:33.920834,4.00,27.00,0.00,5161.29,31,2026-03-26,2026-04-25,2026-03-31 19:42:46.727346,0.00,0.00,0.00,0.00,0.00,0.00
280,192,4,2026,6,0,25,7741.94,Paid,2026-03-25 19:11:34.045133,6.00,25.00,0.00,7741.94,31,2026-03-26,2026-04-25,2026-03-31 19:42:46.727346,0.00,0.00,0.00,0.00,0.00,0.00
281,36,4,2026,5,0,26,6451.61,Paid,2026-03-25 19:11:34.169334,5.00,26.00,0.00,6451.61,31,2026-03-26,2026-04-25,2026-03-31 19:42:46.727346,0.00,0.00,0.00,0.00,0.00,0.00
282,970,4,2026,4,0,27,5161.29,Paid,2026-03-25 19:11:34.293296,4.00,27.00,0.00,5161.29,31,2026-03-26,2026-04-25,2026-03-31 19:42:46.727346,0.00,0.00,0.00,0.00,0.00,0.00
283,1016,4,2026,6,0,25,7741.94,Paid,2026-03-25 19:11:34.418066,6.00,25.00,0.00,7741.94,31,2026-03-26,2026-04-25,2026-03-31 19:42:46.727346,0.00,0.00,0.00,0.00,0.00,0.00
284,879,4,2026,6,0,25,7741.94,Paid,2026-03-25 19:11:34.542366,6.00,25.00,0.00,7741.94,31,2026-03-26,2026-04-25,2026-03-31 19:42:46.727346,0.00,0.00,0.00,0.00,0.00,0.00
285,339,4,2026,4,0,27,5161.29,Paid,2026-03-25 19:11:34.668314,4.00,27.00,0.00,5161.29,31,2026-03-26,2026-04-25,2026-03-31 19:42:46.727346,0.00,0.00,0.00,0.00,0.00,0.00
286,506,4,2026,6,0,25,7741.94,Paid,2026-03-25 19:11:34.792156,6.00,25.00,0.00,7741.94,31,2026-03-26,2026-04-25,2026-03-31 19:42:46.727346,0.00,0.00,0.00,0.00,0.00,0.00
287,92,4,2026,6,0,25,7741.94,Paid,2026-03-25 19:11:34.920606,6.00,25.00,0.00,7741.94,31,2026-03-26,2026-04-25,2026-03-31 19:42:46.727346,0.00,0.00,0.00,0.00,0.00,0.00
288,860,4,2026,6,0,25,7741.94,Paid,2026-03-25 19:11:35.04402,6.00,25.00,0.00,7741.94,31,2026-03-26,2026-04-25,2026-03-31 19:42:46.727346,0.00,0.00,0.00,0.00,0.00,0.00
290,1130,4,2026,5,0,26,6451.61,Paid,2026-03-25 19:11:35.290792,5.00,26.00,0.00,6451.61,31,2026-03-26,2026-04-25,2026-03-31 19:42:46.727346,0.00,0.00,0.00,0.00,0.00,0.00
291,930,4,2026,4,0,27,5161.29,Paid,2026-03-25 19:11:35.414807,4.00,27.00,0.00,5161.29,31,2026-03-26,2026-04-25,2026-03-31 19:42:46.727346,0.00,0.00,0.00,0.00,0.00,0.00
292,1128,4,2026,6,0,25,7741.94,Paid,2026-03-25 19:11:35.539119,6.00,25.00,0.00,7741.94,31,2026-03-26,2026-04-25,2026-03-31 19:42:46.727346,0.00,0.00,0.00,0.00,0.00,0.00
293,158,4,2026,5,0,26,6451.61,Paid,2026-03-25 19:11:35.663126,5.00,26.00,0.00,6451.61,31,2026-03-26,2026-04-25,2026-03-31 19:42:46.727346,0.00,0.00,0.00,0.00,0.00,0.00
294,1093,4,2026,6,0,25,7741.94,Paid,2026-03-25 19:11:35.787646,6.00,25.00,0.00,7741.94,31,2026-03-26,2026-04-25,2026-03-31 19:42:46.727346,0.00,0.00,0.00,0.00,0.00,0.00
295,409,4,2026,6,0,25,7741.94,Paid,2026-03-25 19:11:35.911018,6.00,25.00,0.00,7741.94,31,2026-03-26,2026-04-25,2026-03-31 19:42:46.727346,0.00,0.00,0.00,0.00,0.00,0.00
296,242,4,2026,4,0,27,5161.29,Paid,2026-03-25 19:11:36.034635,4.00,27.00,0.00,5161.29,31,2026-03-26,2026-04-25,2026-03-31 19:42:46.727346,0.00,0.00,0.00,0.00,0.00,0.00
297,1019,4,2026,5,0,26,6451.61,Paid,2026-03-25 19:11:36.15912,5.00,26.00,0.00,6451.61,31,2026-03-26,2026-04-25,2026-03-31 19:42:46.727346,0.00,0.00,0.00,0.00,0.00,0.00
298,1090,4,2026,4,0,27,5161.29,Paid,2026-03-25 19:11:36.283139,4.00,27.00,0.00,5161.29,31,2026-03-26,2026-04-25,2026-03-31 19:42:46.727346,0.00,0.00,0.00,0.00,0.00,0.00
299,317,4,2026,6,0,25,7741.55,Paid,2026-03-25 19:11:36.40748,6.00,25.00,0.00,7741.55,31,2026-03-26,2026-04-25,2026-03-31 19:42:46.727346,0.00,0.00,0.00,0.00,0.00,0.00
300,263,4,2026,5,0,26,6451.61,Paid,2026-03-25 19:11:36.532164,5.00,26.00,0.00,6451.61,31,2026-03-26,2026-04-25,2026-03-31 19:42:46.727346,0.00,0.00,0.00,0.00,0.00,0.00
301,1096,4,2026,5,0,26,6451.61,Paid,2026-03-25 19:11:36.656062,5.00,26.00,0.00,6451.61,31,2026-03-26,2026-04-25,2026-03-31 19:42:46.727346,0.00,0.00,0.00,0.00,0.00,0.00
302,877,4,2026,3,0,28,3870.97,Paid,2026-03-25 19:11:36.780487,3.00,28.00,0.00,3870.97,31,2026-03-26,2026-04-25,2026-03-31 19:42:46.727346,0.00,0.00,0.00,0.00,0.00,0.00
303,1141,4,2026,6,0,25,7741.94,Paid,2026-03-25 19:11:36.907096,6.00,25.00,0.00,7741.94,31,2026-03-26,2026-04-25,2026-03-31 19:42:46.727346,0.00,0.00,0.00,0.00,0.00,0.00
304,130,4,2026,4,0,27,5161.29,Paid,2026-03-25 19:11:37.031321,4.00,27.00,0.00,5161.29,31,2026-03-26,2026-04-25,2026-03-31 19:42:46.727346,0.00,0.00,0.00,0.00,0.00,0.00
305,1003,4,2026,5,0,26,6451.61,Paid,2026-03-25 19:11:37.155087,5.00,26.00,0.00,6451.61,31,2026-03-26,2026-04-25,2026-03-31 19:42:46.727346,0.00,0.00,0.00,0.00,0.00,0.00
306,51,4,2026,3,0,28,3870.97,Paid,2026-03-25 19:11:37.28024,3.00,28.00,0.00,3870.97,31,2026-03-26,2026-04-25,2026-03-31 19:42:46.727346,0.00,0.00,0.00,0.00,0.00,0.00
307,1103,4,2026,6,0,25,7741.94,Paid,2026-03-25 19:11:37.404953,6.00,25.00,0.00,7741.94,31,2026-03-26,2026-04-25,2026-03-31 19:42:46.727346,0.00,0.00,0.00,0.00,0.00,0.00
308,1,4,2026,5,0,26,6451.61,Paid,2026-03-25 19:11:37.528578,5.00,26.00,0.00,6451.61,31,2026-03-26,2026-04-25,2026-03-31 19:42:46.727346,0.00,0.00,0.00,0.00,0.00,0.00
309,1196,4,2026,5,0,26,6451.61,Paid,2026-03-25 19:11:37.656152,5.00,26.00,0.00,6451.61,31,2026-03-26,2026-04-25,2026-03-31 19:42:46.727346,0.00,0.00,0.00,0.00,0.00,0.00
310,912,4,2026,4,0,27,5161.29,Paid,2026-03-25 19:11:37.779806,4.00,27.00,0.00,5161.29,31,2026-03-26,2026-04-25,2026-03-31 19:42:46.727346,0.00,0.00,0.00,0.00,0.00,0.00
311,960,4,2026,6,0,25,7741.94,Paid,2026-03-25 19:11:37.905521,6.00,25.00,0.00,7741.94,31,2026-03-26,2026-04-25,2026-03-31 19:42:46.727346,0.00,0.00,0.00,0.00,0.00,0.00
312,1095,4,2026,6,0,25,7741.94,Paid,2026-03-25 19:11:38.055563,6.00,25.00,0.00,7741.94,31,2026-03-26,2026-04-25,2026-03-31 19:42:46.727346,0.00,0.00,0.00,0.00,0.00,0.00
313,819,4,2026,6,0,25,7741.94,Paid,2026-03-25 19:11:38.178948,6.00,25.00,0.00,7741.94,31,2026-03-26,2026-04-25,2026-03-31 19:42:46.727346,0.00,0.00,0.00,0.00,0.00,0.00
314,820,4,2026,6,0,25,5806.45,Paid,2026-03-25 19:11:38.302422,6.00,25.00,0.00,5806.45,31,2026-03-26,2026-04-25,2026-03-31 19:42:46.727346,0.00,0.00,0.00,0.00,0.00,0.00
315,1148,4,2026,6,0,25,7741.94,Paid,2026-03-25 19:11:38.426839,6.00,25.00,0.00,7741.94,31,2026-03-26,2026-04-25,2026-03-31 19:42:46.727346,0.00,0.00,0.00,0.00,0.00,0.00
316,5001,4,2026,4,0,27,0.00,Paid,2026-03-25 19:11:38.555932,4.00,27.00,4240.00,3870.97,31,2026-03-26,2026-04-25,2026-03-31 19:42:46.727346,0.00,0.00,0.00,0.00,0.00,0.00
317,Management,4,2026,0,0,1,0.00,Paid,2026-03-25 19:11:38.679632,0.00,1.00,0.00,0.00,1,2026-03-26,2026-04-25,2026-03-31 19:42:46.727346,0.00,0.00,0.00,0.00,0.00,0.00
318,1101,4,2026,6,0,25,5806.45,Paid,2026-03-25 19:11:38.803233,6.00,25.00,0.00,5806.45,31,2026-03-26,2026-04-25,2026-03-31 19:42:46.727346,0.00,0.00,0.00,0.00,0.00,0.00
319,119,4,2026,6,0,25,7741.94,Paid,2026-03-25 19:11:38.93919,6.00,25.00,0.00,7741.94,31,2026-03-26,2026-04-25,2026-03-31 19:42:46.727346,0.00,0.00,0.00,0.00,0.00,0.00
320,439,4,2026,6,0,25,7741.94,Paid,2026-03-25 19:11:39.093344,6.00,25.00,0.00,7741.94,31,2026-03-26,2026-04-25,2026-03-31 19:42:46.727346,0.00,0.00,0.00,0.00,0.00,0.00
321,1181,4,2026,4,0,27,5161.29,Paid,2026-03-25 19:11:39.216842,4.00,27.00,0.00,5161.29,31,2026-03-26,2026-04-25,2026-03-31 19:42:46.727346,0.00,0.00,0.00,0.00,0.00,0.00
322,215,4,2026,6,0,25,7741.94,Paid,2026-03-25 19:11:39.340236,6.00,25.00,0.00,7741.94,31,2026-03-26,2026-04-25,2026-03-31 19:42:46.727346,0.00,0.00,0.00,0.00,0.00,0.00
323,1083,4,2026,6,0,25,7741.94,Paid,2026-03-25 19:11:39.463821,6.00,25.00,0.00,7741.94,31,2026-03-26,2026-04-25,2026-03-31 19:42:46.727346,0.00,0.00,0.00,0.00,0.00,0.00
324,1191,4,2026,5,0,26,6451.61,Paid,2026-03-25 19:11:39.589122,5.00,26.00,0.00,6451.61,31,2026-03-26,2026-04-25,2026-03-31 19:42:46.727346,0.00,0.00,0.00,0.00,0.00,0.00
325,1091,4,2026,5,0,26,6451.61,Paid,2026-03-25 19:11:39.712975,5.00,26.00,0.00,6451.61,31,2026-03-26,2026-04-25,2026-03-31 19:42:46.727346,0.00,0.00,0.00,0.00,0.00,0.00
326,512,4,2026,6,0,25,7741.94,Paid,2026-03-25 19:11:39.843456,6.00,25.00,0.00,7741.94,31,2026-03-26,2026-04-25,2026-03-31 19:42:46.727346,0.00,0.00,0.00,0.00,0.00,0.00
327,1132,4,2026,6,0,25,7741.94,Paid,2026-03-25 19:11:39.972569,6.00,25.00,0.00,7741.94,31,2026-03-26,2026-04-25,2026-03-31 19:42:46.727346,0.00,0.00,0.00,0.00,0.00,0.00
328,106,4,2026,4,0,27,5161.29,Paid,2026-03-25 19:11:40.104248,4.00,27.00,0.00,5161.29,31,2026-03-26,2026-04-25,2026-03-31 19:42:46.727346,0.00,0.00,0.00,0.00,0.00,0.00
329,77,4,2026,5,0,26,6451.61,Paid,2026-03-25 19:11:40.228596,5.00,26.00,0.00,6451.61,31,2026-03-26,2026-04-25,2026-03-31 19:42:46.727346,0.00,0.00,0.00,0.00,0.00,0.00
330,1114,4,2026,6,0,25,7741.94,Paid,2026-03-25 19:11:40.352103,6.00,25.00,0.00,7741.94,31,2026-03-26,2026-04-25,2026-03-31 19:42:46.727346,0.00,0.00,0.00,0.00,0.00,0.00
331,923,4,2026,6,0,25,7741.94,Paid,2026-03-25 19:11:40.478,6.00,25.00,0.00,7741.94,31,2026-03-26,2026-04-25,2026-03-31 19:42:46.727346,0.00,0.00,0.00,0.00,0.00,0.00
332,190,4,2026,6,0,25,7741.94,Paid,2026-03-25 19:11:40.601645,6.00,25.00,0.00,7741.94,31,2026-03-26,2026-04-25,2026-03-31 19:42:46.727346,0.00,0.00,0.00,0.00,0.00,0.00
333,910,4,2026,6,0,25,7741.94,Paid,2026-03-25 19:11:40.725166,6.00,25.00,0.00,7741.94,31,2026-03-26,2026-04-25,2026-03-31 19:42:46.727346,0.00,0.00,0.00,0.00,0.00,0.00
336,1179,4,2026,5,0,26,0.00,Paid,2026-03-26 06:29:55.225965,5.00,26.00,0.00,0.00,31,2026-03-26,2026-04-25,2026-03-31 19:42:46.727346,0.00,0.00,0.00,0.00,0.00,0.00
337,1107,4,2026,6,0,25,0.00,Paid,2026-03-26 06:29:55.359345,6.00,25.00,0.00,0.00,31,2026-03-26,2026-04-25,2026-03-31 19:42:46.727346,0.00,0.00,0.00,0.00,0.00,0.00
338,943,4,2026,5,0,26,0.00,Paid,2026-03-31 01:42:34.404578,5.00,26.00,0.00,0.00,31,2026-03-26,2026-04-25,2026-03-31 19:42:46.727346,0.00,0.00,0.00,0.00,0.00,0.00
339,944,4,2026,2,3,5,0.00,Pending,2026-04-01 19:49:27.468873,5.00,5.00,0.00,0.00,31,2026-03-26,2026-04-25,,0.00,0.00,2.00,3.00,5.00,5.00
340,1208,4,2026,0,3,7,2883.20,Pending,2026-04-01 19:49:27.735102,3.00,7.00,20.03,2903.23,31,2026-03-26,2026-04-25,,2670.97,20.03,0.00,3.00,7.00,3.00
341,114,4,2026,2,3,5,0.00,Pending,2026-04-01 19:49:31.190862,5.00,5.00,0.00,0.00,31,2026-03-26,2026-04-25,,0.00,0.00,2.00,3.00,5.00,5.00